"Variable / Field Name","Form Name","Section Header","Field Type","Field Label","Choices, Calculations, OR Slider Labels","Field Note","Text Validation Type OR Show Slider Number","Text Validation Min","Text Validation Max",Identifier?,"Branching Logic (Show field only if...)","Required Field?","Custom Alignment","Question Number (surveys only)","Matrix Group Name","Matrix Ranking?","Field Annotation"
pactid,grant,,text,PactID,,,,,,,,y,,,,,
outbreak_id,grant,,text,"Outbreak ID",,,,,,,,,,,,,
no_dates_imported,grant,,yesno,"No Dates Imported (Grants)",,,,,,,,,,,,,
search_date,grant,,text,"Search Date",,,date_dmy,,,,,,,,,,
import_date_time,grant,,text,"Imported Date/Time",,,date_dmy,,,,,,,,,,
disease_query,grant,,text,"Grant Disease Query Search Term",,,,,,,,,,,,,
unique_database_reference_number,grant,,text,"Unique database reference number",,,,,,,,,,,,,
grant_in_scope,grant,,yesno,"Grant In Scope:",,,,,,,,,,,,,
grant_terminated,grant,,yesno,"Grant Terminated",,,,,,,,,,,,,
grant_number,grant,,text,"Grant Number",,,,,,,,,,,,,
sub_grant_number,grant,,text,"Sub Grant Number",,,,,,,,,,,,,
grant_title_original,grant,,notes,"Grant Title Original",,,,,,,,,,,,,
grant_title_eng,grant,,notes,"Grant Title Eng",,,,,,,,,,,,,
grant_amount_original,grant,,text,"Grant Amount Original",,,number,,,,,,,,,,
grant_currency,grant,,dropdown,"Grant Currency","AUD, AUD | GBP, GBP | EUR, EUR | JPY, JPY | CHF, CHF | USD, USD | AFN, AFN | ALL, ALL | DZD, DZD | AOA, AOA | ARS, ARS | AMD, AMD | AWG, AWG | ATS, ATS (EURO) | BEF, BEF (EURO) | AZN, AZN | BSD, BSD | BHD, BHD | BDT, BDT | BBD, BBD | BYR, BYR | BZD, BZD | BMD, BMD | BTN, BTN | BOB, BOB | BAM, BAM | BWP, BWP | BRL, BRL | BND, BND | BGN, BGN | BIF, BIF | XOF, XOF | XAF, XAF | XPF, XPF | KHR, KHR | CAD, CAD | CVE, CVE | KYD, KYD | CLP, CLP | CNY, CNY | COP, COP | KMF, KMF | CDF, CDF | CRC, CRC | HRK, HRK | CUC, CUC | CUP, CUP | CYP, CYP (EURO) | CZK, CZK | DKK, DKK | DJF, DJF | DOP, DOP | XCD, XCD | EGP, EGP | SVC, SVC | EEK, EEK (EURO) | ETB, ETB | FKP, FKP | FIM, FIM (EURO) | FJD, FJD | GMD, GMD | GEL, GEL | DMK, DMK (EURO) | GHS, GHS | GIP, GIP | GRD, GRD (EURO) | GTQ, GTQ | GNF, GNF | GYD, GYD | HTG, HTG | HNL, HNL | HKD, HKD | HUF, HUF | ISK, ISK | INR, INR | IDR, IDR | IRR, IRR | IQD, IQD | IED, IED (EURO) | ILS, ILS | ITL, ITL (EURO) | JMD, JMD | JOD, JOD | KZT, KZT | KES, KES | KWD, KWD | KGS, KGS | LAK, LAK | LVL, LVL (EURO) | LBP, LBP | LSL, LSL | LRD, LRD | LYD, LYD | LTL, LTL (EURO) | LUF, LUF (EURO) | MOP, MOP | MKD, MKD | MGA, MGA | MWK, MWK | MYR, MYR | MVR, MVR | MTL, MTL (EURO) | MRO, MRO | MUR, MUR | MXN, MXN | MDL, MDL | MNT, MNT | MAD, MAD | MZN, MZN | MMK, MMK | ANG, ANG | NAD, NAD | NPR, NPR | NLG, NLG (EURO) | NZD, NZD | NIO, NIO | NGN, NGN | KPW, KPW | NOK, NOK | OMR, OMR | PKR, PKR | PAB, PAB | PGK, PGK | PYG, PYG | PEN, PEN | PHP, PHP | PLN, PLN | PTE, PTE (EURO) | QAR, QAR | RON, RON | RUB, RUB | RWF, RWF | WST, WST | STD, STD | SAR, SAR | RSD, RSD | SCR, SCR | SLL, SLL | SGD, SGD | SKK, SKK (EURO) | SIT, SIT (EURO) | SBD, SBD | SOS, SOS | ZAR, ZAR | KRW, KRW | ESP, ESP (EURO) | LKR, LKR | SHP, SHP | SDG, SDG | SRD, SRD | SZL, SZL | SEK, SEK | SYP, SYP | TWD, TWD | TZS, TZS | THB, THB | TOP, TOP | TTD, TTD | TND, TND | TRY, TRY | TMM, TMM | UGX, UGX | UAH, UAH | UYU, UYU | AED, AED | VUV, VUV | VEB, VEB | VND, VND | YER, YER | ZMK, ZMK | ZWD, ZWD | -99, Unspecified",,,,,,,,,,,,
currency_exchange_rate_usd,grant,,text,"Currency Exchange Rate USD",,,,,,,,,,,,,
award_amount_converted,grant,,text,"Award Amount Converted",,,number,,,,,,,,,,
abstract_original,grant,,notes,"Abstract Original",,,,,,,,,,,,,
abstract,grant,,notes,"Abstract Eng",,,,,,,,,,,,,
laysummary,grant,,notes,Laysummary,,,,,,,,,,,,,
oda_funding_used,grant,,dropdown,"ODA funding used","1, Yes | 0, No | -77, Pending",,,,,,,,,,,,
grant_type,grant,,dropdown,"Grant Type","1, New Grant | 2, Repurposed | 3, Supplemented | -77, Pending | -99, Unspecified | -9999, Not Applicable",,,,,,,,,,,,
grant_start_month,grant,,dropdown,"Grant Start Month","1, 01 | 2, 02 | 3, 03 | 4, 04 | 5, 05 | 6, 06 | 7, 07 | 8, 08 | 9, 09 | 10, 10 | 11, 11 | 12, 12 | -99, -99",,,,,,,,,,,,
grant_start_year,grant,,text,"Grant Start Year",,,number,,,,,,,,,,
publication_month_of_award,grant,,dropdown,"Publication Month of Award","1, 01 | 2, 02 | 3, 03 | 4, 04 | 5, 05 | 6, 06 | 7, 07 | 8, 08 | 9, 09 | 10, 10 | 11, 11 | 12, 12 | -99, -99",,,,,,,,,,,,
publication_year_of_award,grant,,text,"Publication Year of Award",,,number,,,,,,,,,,
grant_end_month,grant,,dropdown,"Grant End Month","1, 01 | 2, 02 | 3, 03 | 4, 04 | 5, 05 | 6, 06 | 7, 07 | 8, 08 | 9, 09 | 10, 10 | 11, 11 | 12, 12 | -99, -99",,,,,,,,,,,,
grant_end_year,grant,,text,"Grant End Year",,,number,,,,,,,,,,
study_subject,grant,,checkbox,"Study Subject","1, Animals | 2, Bacteria | 3, Human Populations | 4, Disease Vectors | 5, Viruses | 6, Environment | -88, Other | -99, Unspecified | -9999, Not applicable",,,,,,,,,,,,
study_subject_other,grant,,text,"If <font color=red>[Study Subject]</font> Please Specific:",,,,,,,"[study_subject(-88)] = '1'",,,,,,
ethnicity,grant,,checkbox,Ethnicity,"1, Asian | 2, Black | 3, White | 4, Mixed | -88, Other | -99, Unspecified | -9999, Not applicable",,,,,,,,,,,,
ethnicity_other,grant,,text,"If <font color=red>[Other Ethnicity]</font> Please Specific:",,,,,,,"[ethnicity(-88)] = '1'",,,,,,
age_groups,grant,,checkbox,"<p><em>Age Groups</em></p>","1, Adolescent <em><font color=blue>(13 years to 17 years)</font></em> | 2, Adults <em><font color=blue>(18 and older)</font></em> | 5, Children <em><font color=blue>(1 year to 12 years)</font></em> | 6, Infants <em><font color=blue>(1 month to 1 year)</font></em> | 7, Newborns <em><font color=blue>(birth to 1 month)</font></em> | 3, Older adults <em><font color=blue>(65 and older)</font></em> | -99, Unspecified | -9999, Not Applicable",,,,,,,,,,,,
rurality,grant,,checkbox,Rurality,"1, Rural Population/Setting | 2, Suburban Population/Setting | 3, Urban Population/Setting | -88, Other | -99, Unspecified | -9999, Not applicable",,,,,,,,,,,,
rurality_other,grant,,text,"If <font color=red>[Other Rurality]</font> Please Specific:",,,,,,,"[rurality(-88)]= '1'",,,,,,
vulnerable_population,grant,,checkbox,"Vulnerable Population","1, Disabled persons | 2, Drug users | 3, Internally Displaced and Migrants | 4, Indigenous People | 5, Sexual and gender minorities | 6, Prisoners | 7, Sex workers | 8, Smokers | 9, Women | 10, Pregnant women | 13, Individuals with multimorbidity | 11, Minority communities unspecified | 12, Vulnerable populations unspecified | -88, Other | -99, Unspecified | -9999, Not applicable",,,,,,,,,,,,
vulnerable_population_other,grant,,text,"If <font color=red>[Other Vulnerable Population]</font> Please Specific:",,,,,,,"[vulnerable_population(-88)] = '1'",,,,,,
occupational_groups,grant,,checkbox,"Occupational Groups","1, Farmers | 2, Emergency Responders | 3, Military Personnel | 4, Social Workers | 5, Caregivers | 6, Health Personnel | 7, Hospital personnel | 8, Nurses and Nursing Staff | 9, Physicians | 10, Dentists and dental staff | 11, Veterinarians | 12, Volunteers | -88, Other | -99, Unspecified | -9999, Not applicable",,,,,,,,,,,,
occupationalgroups_other,grant,,text,"If <font color=red>[Other OccupationalGroups]</font> Please Specific:",,,,,,,"[occupational_groups(-88)] = '1'",,,,,,
study_type_main,grant,,checkbox,"Study Type","5, Clinical | 6, Non-Clinical | -88, Other | -99, Unspecified | -9999, Not applicable",,,,,,,,,,,,
clinical_trial,grant,,checkbox,"Clinical Trial","1, Protocol | 2, Clinical Trial, Phase I | 3, Clinical Trial, Phase II | 4, Clinical Trial, Phase III | 5, Clinical Trial, Phase IV | 6, Clinical Trial, Veterinary | 7, Controlled Clinical Trial | 8, Randomized Controlled Trial | 9, Randomized Controlled Trial, Veterinary | -99, Unspecified | -9999, Not applicable",,,,,,"[study_type_main(5)] = '1'",,,,,,
report_or_literature_based_research,grant,,yesno,"Report or Literature-Based Research",,,,,,,"[study_type_main(6)] = '1'",,,,,,
study_type_other,grant,,text,"If <font color=red>[Other Study Type]</font> Please Specific:",,,,,,,"[study_type_main(-88)] = '1'",,,,,,
families,grant,,checkbox,Families,"ICTV19750003, Arenaviridae | ICTV19750006, Coronaviridae | 106544002, Enterobacteriaceae | ICTV19870011, Filoviridae | ICTV19840011, Flaviviridae | ICTV20164606, Hantaviridae | ICTV20164609, Nairoviridae | ICTV19750009, Orthomyxoviridae | ICTV19750011, Paramyxoviridae | ICTV19740004, Poxviridae | ICTV20164611, Phenuiviridae | ICTV19740006, Togaviridae | np001, Unknown | 115077009, Vibrionaceae | 1269429001, Yersiniaceae | -88, Other | -99, Unspecified | -9999, Not applicable",,,,,,,,,,,,
arenaviridae_pathogen,grant,,checkbox,"Arenaviridae Pathogens","ICTV19790162, Mammarenavirus lassaense | ICTV19710128, Mammarenavirus juninense | ICTV20115680, Mammarenavirus lujoense | -88, Other | -99, Unspecified",,,,,,"[families(ICTV19750003)]= ""1""",,,,,,
arenaviridae_pathogen_other,grant,,text,"If <font color=red>[Other Arenaviridae pathogens]</font> Please Specific:",,,,,,,"[arenaviridae_pathogen(-88)]= ""1""",,,,,,
arenaviridae_diseases,grant,,checkbox,"Arenaviridae Diseases","19065005, Lassa Haemorrhagic Fever | 58868000, Argentine Haemorrhagic Fever | 716585008, Lujo Haemorrhagic Fever | -88, Other | -99, Unspecified",,,,,,"[arenaviridae_pathogen(ICTV19790162)]= ""1"" or [arenaviridae_pathogen(ICTV19710128)]= ""1"" or [arenaviridae_pathogen(ICTV20115680)]= ""1"" or [arenaviridae_pathogen(-88)]= ""1"" or [arenaviridae_pathogen(-99)]= ""1""",,,,,,
arenaviridae_diseases_other,grant,,text,"If <font color=red>[Other Arenaviridae Diseases]</font> Please Specific:",,,,,,,"[arenaviridae_diseases(-88)]= ""1""",,,,,,
coronaviridae_pathogen,grant,,checkbox,"Coronaviridae Pathogens","ICTV20040588_1, SARS-CoV-2 | ICTV20040588_2, SARS-CoV-1 | ICTV20151223, MERS-CoV | -88, Other | -99, Unspecified",,,,,,"[families(ICTV19750006)]= ""1""",,,,,,
coronaviridae_pathogen_other,grant,,text,"If <font color=red>[Other Coronaviridae Pathogens]</font> Please Specific:",,,,,,,"[coronaviridae_pathogen(-88)]= ""1""",,,,,,
coronaviridae_diseases,grant,,checkbox,"Coronaviridae Diseases","840539006, COVID-19 | 398447004, Severe Acute Respiratory Syndrome (SARS) | 868192004, Middle East respiratory syndrome coronavirus (MERS) | -88, Other | -99, Unspecified",,,,,,"[coronaviridae_pathogen(ICTV20040588_1)]= ""1"" or [coronaviridae_pathogen(ICTV20040588_2)]= ""1"" or [coronaviridae_pathogen(ICTV20151223)]= ""1"" or [coronaviridae_pathogen(-88)]= ""1"" or [coronaviridae_pathogen(-99)]= ""1""",,,,,,
coronaviridae_diseases_other,grant,,text,"If <font color=red>[Other Coronaviridae Diseases ]</font> Please Specific:",,,,,,,"[coronaviridae_diseases(-88)]= ""1""",,,,,,
enterobacteriaceae_pathogen,grant,,checkbox,"Enterobacteriaceae Pathogens","43612004, Shigella dysenteriae serotype 1 | 110378009, Salmonella enterica non typhoidal serovars | 56415008, Klebsiella pneumoniae | -88, Other | -99, Unspecified",,,,,,"[families(106544002)]= ""1""",,,,,,
enterobacteriaceae_pathogen_other,grant,,text,"If <font color=red>[Other Enterobacteriaceae Pathogens]</font> Please Specific:",,,,,,,"[enterobacteriaceae_pathogen(-88)]= ""1""",,,,,,
enterobacteriaceae_diseases,grant,,checkbox,"Enterobacteriaceae Diseases","36188001, Shigellosis | 302231008, Salmonella infection | 186435004, Bacterial infection caused by Klebsiella pneumonia | -88, Other | -99, Unspecified",,,,,,"[enterobacteriaceae_pathogen(43612004)]= ""1"" or [enterobacteriaceae_pathogen(110378009)]= ""1"" or [enterobacteriaceae_pathogen(56415008)]= ""1"" or [enterobacteriaceae_pathogen(-88)]= ""1"" or [enterobacteriaceae_pathogen(-99)]= ""1""",,,,,,
enterobacteriaceae_diseases_other,grant,,text,"If <font color=red>[Other Enterobacteriaceae Diseases ]</font> Please Specific:",,,,,,,"[enterobacteriaceae_diseases(-88)]= ""1""",,,,,,
filoviridae_pathogen,grant,,checkbox,"Filoviridae Pathogens","ICTV19980158, Ebola virus | ICTV19870485, Orthomarburgvirus marburgense | -88, Other | -99, Unspecified",,,,,,"[families(ICTV19870011)]= ""1""",,,,,,
filoviridae_pathogen_other,grant,,text,"If <font color=red>[Other Filoviridae Pathogens]</font> Please Specific:",,,,,,,"[filoviridae_pathogen(-88)]= ""1""",,,,,,
filoviridae_diseases,grant,,checkbox,"Filoviridae Diseases","37109004, Ebola | 77503002, Marburg virus disease | -88, Other | -99, Unspecified",,,,,,"[filoviridae_pathogen(ICTV19980158)]= ""1"" or [filoviridae_pathogen(ICTV19870485)]= ""1"" or [filoviridae_pathogen(-88)]= ""1"" or [filoviridae_pathogen(-99)]= ""1""",,,,,,
filoviridae_diseases_other,grant,,text,"If <font color=red>[Other Filoviridae Diseases ]</font> Please Specific:",,,,,,,"[filoviridae_diseases(-88)]= ""1""",,,,,,
filoviridae_diseases_strains,grant,,checkbox,"Filoviridae Ebola disease <font color=red>Strains</font>","45901000087102, Zaire Ebola virus disease | 788903009, Ebola Sudan virus disease | -88, Other | -99, Unspecified",,,,,,"[filoviridae_diseases(37109004)]= ""1""",,,,,,
ebola_strains_other,grant,,text,"If <font color=red>[Other Ebola Strains ]</font> Please Specific:",,,,,,,"[filoviridae_diseases_strains(-88)]= ""1""",,,,,,
flaviviridae_pathogen,grant,,checkbox,"Flaviviridae Pathogens","ICTV19990862, Orthoflavivirus zikaense | ICTV19790934, Orthoflavivirus encephalitidis | ICTV19990858, Orthoflavivirus nilense | ICTV19990820, Orthoflavivirus denguei | ICTV19710125, Orthoflavivirus flavi | -88, Other | -99, Unspecified",,,,,,"[families(ICTV19840011)]= ""1""",,,,,,
flaviviridae_pathogen_other,grant,,text,"If <font color=red>[Other Flaviviridae Pathogens]</font> Please Specific:",,,,,,,"[flaviviridae_pathogen(-88)]= ""1""",,,,,,
flaviviridae_diseases,grant,,checkbox,"Flaviviridae Diseases","3928002, Zika virus disease | 762725007, Congenital infection caused by Zika virus | 414093008, Tick-Borne Encephalitis | 417093003, West Nile Virus Infection | 38362002, Dengue | 16541001, Yellow Fever | -88, Other | -99, Unspecified",,,,,,"[flaviviridae_pathogen(ICTV19990862)]= ""1"" or [flaviviridae_pathogen(ICTV19790934)]= ""1"" or [flaviviridae_pathogen(ICTV19990858)]= ""1"" or [flaviviridae_pathogen(ICTV19990820)]= ""1"" or [flaviviridae_pathogen(ICTV19710125)]= ""1"" or [flaviviridae_pathogen(-88)]= ""1"" or [flaviviridae_pathogen(-99)]= ""1""",,,,,,
flaviviridae_diseases_other,grant,,text,"If <font color=red>[Other Flaviviridae Diseases ]</font> Please Specific:",,,,,,,"[flaviviridae_diseases(-88)]= ""1""",,,,,,
hantaviridae_pathogen,grant,,checkbox,"Hantaviridae Pathogens","ICTV19990675, Orthohantavirus sinnombreense | ICTV19870409, Orthohantavirus hantanense | -88, Other | -99, Unspecified",,,,,,"[families(ICTV20164606)]= ""1""",,,,,,
hantaviridae_pathogen_other,grant,,text,"If <font color=red>[Other Hantaviridae Pathogens]</font> Please Specific:",,,,,,,"[hantaviridae_pathogen(-88)]= ""1""",,,,,,
hantaviridae_diseases,grant,,checkbox,"Hantaviridae Diseases","359761005-120639003, Disease caused by Hantavirus (HPS) | 359761005-716864001, Disease caused by Hantavirus (HFRS) | -88, Other | -99, Unspecified",,,,,,"[hantaviridae_pathogen(ICTV19990675)]= ""1"" or [hantaviridae_pathogen(ICTV19870409)]= ""1"" or [hantaviridae_pathogen(-88)]= ""1"" or [hantaviridae_pathogen(-99)]= ""1""",,,,,,
hantaviridae_diseases_other,grant,,text,"If <font color=red>[Other Hantaviridae Diseases ]</font> Please Specific:",,,,,,,"[hantaviridae_diseases(-88)]= ""1""",,,,,,
nairoviridae_pathogen,grant,,checkbox,"Nairoviridae Pathogens","ICTV19990680, Orthonairovirus haemorrhagiae | -88, Other | -99, Unspecified",,,,,,"[families(ICTV20164609)]= ""1""",,,,,,
nairoviridae_pathogen_other,grant,,text,"If <font color=red>[Other Nairoviridae Pathogens]</font> Please Specific:",,,,,,,"[nairoviridae_pathogen(-88)]= ""1""",,,,,,
nairoviridae_diseases,grant,,checkbox,"Nairoviridae Diseases","43489008, Crimean-Congo haemorrhagic fever | -88, Other | -99, Unspecified",,,,,,"[nairoviridae_pathogen(ICTV19990680)]= ""1"" or [nairoviridae_pathogen(-88)]= ""1"" or [nairoviridae_pathogen(-99)]= ""1""",,,,,,
nairoviridae_diseases_other,grant,,text,"If <font color=red>[Other Nairoviridae Diseases ]</font> Please Specific:",,,,,,,"[nairoviridae_diseases(-88)]= ""1""",,,,,,
orthomyxoviridae_pathogen,grant,,checkbox,"Orthomyxoviridae Pathogens","ICTV19710226_H1, Alphainfluenzavirus Influenzae H1 | ICTV19710226_H2, Alphainfluenzavirus Influenzae H2 | ICTV19710226_H3, Alphainfluenza virus influenzae H3 | ICTV19710226_H5, Alphainfluenzavirus Influenzae H5 | ICTV19710226_H6, Alphainfluenza virus influenzae H6 | ICTV19710226_H7, Alphainfluenza virus influenzae H7 | ICTV19710226_H10, Alphainfluenza virus influenzae H10 | -88, Other | -99, Unspecified",,,,,,"[families(ICTV19750009)]= ""1""",,,,,,
orthomyxoviridae_pathogen_other,grant,,text,"If <font color=red>[Other Orthomyxoviridae pathogens]</font> Please Specify:",,,,,,,"[orthomyxoviridae_pathogen(-88)]= ""1""",,,,,,
orthomyxoviridae_diseases,grant,,checkbox,"Orthomyxoviridae Diseases","442438000-01, Influenza caused by Influenza A virus subtype H1 | 1149091008, Influenza caused by Influenza A virus subtype H2 | 442438000-02, Influenza caused by Influenza A virus subtype H3 | 713083002, Influenza caused by Influenza A virus subtype H5 | H6, Influenza caused by Influenza A virus subtype H6 | 450715004, Influenza caused by Influenza A virus subtype H7 | H10, Influenza caused by Influenza A virus subtype H10 | -88, Other | -99, Unspecified",,,,,,"[orthomyxoviridae_pathogen(ICTV19710226_H1)]= ""1"" or [orthomyxoviridae_pathogen(ICTV19710226_H2)]= ""1"" or [orthomyxoviridae_pathogen(ICTV19710226_H3)]= ""1"" or [orthomyxoviridae_pathogen(ICTV19710226_H5)]= ""1"" or [orthomyxoviridae_pathogen(ICTV19710226_H6)]= ""1"" or [orthomyxoviridae_pathogen(ICTV19710226_H7)]= ""1"" or [orthomyxoviridae_pathogen(ICTV19710226_H10)]= ""1"" or [orthomyxoviridae_pathogen(-88)]= ""1"" or [orthomyxoviridae_pathogen(-99)]= ""1""",,,,,,
orthomyxoviridae_diseases_other,grant,,text,"If <font color=red>[Other Orthomyxoviridae Diseases]</font> Please Specify:",,,,,,,"[orthomyxoviridae_diseases(-88)]= ""1""",,,,,,
orthomyxoviridae_diseases_strains,grant,,checkbox,"Influenza Diseases <font color=red>Strains</font>","H1N1, H1N1 <i><font color=""blue"" style=""font-size: 10px;"">Influenza caused by Influenza A virus subtype H1</font></i> | H2N2, H2N2 <i><font color=""blue"" style=""font-size: 10px;"">Influenza caused by Influenza A virus subtype H2</font></i> | H3N2, H3N2 <i><font color=""blue"" style=""font-size: 10px;"">Influenza caused by Influenza A virus subtype H3</font></i> | H3N8, H3N8 <i><font color=""blue"" style=""font-size: 10px;"">Influenza caused by Influenza A virus subtype H3</font></i> | H5N8, H5N8 <i><font color=""blue"" style=""font-size: 10px;"">Influenza caused by Influenza A virus subtype H5</font></i> | H5N1, H5N1 <i><font color=""blue"" style=""font-size: 10px;"">Influenza caused by Influenza A virus subtype H5</font></i> | H5N6, H5N6 <i><font color=""blue"" style=""font-size: 10px;"">Influenza caused by Influenza A virus subtype H5</font></i> | H6N6, H6N6 <i><font color=""blue"" style=""font-size: 10px;"">Influenza caused by Influenza A virus subtype H6</font></i> | H7N7, H7N7 <i><font color=""blue"" style=""font-size: 10px;"">Influenza caused by Influenza A virus subtype H7</font></i> | H7N3, H7N3 <i><font color=""blue"" style=""font-size: 10px;"">Influenza caused by Influenza A virus subtype H7</font></i> | H7N2, H7N2 <i><font color=""blue"" style=""font-size: 10px;"">Influenza caused by Influenza A virus subtype H7</font></i> | H7N9, H7N9 <i><font color=""blue"" style=""font-size: 10px;"">Influenza caused by Influenza A virus subtype H7</font></i> | H10N3, H10N3 <i><font color=""blue"" style=""font-size: 10px;"">Influenza caused by Influenza A virus subtype H10</font></i> | H10N7, H10N7 <i><font color=""blue"" style=""font-size: 10px;"">Influenza caused by Influenza A virus subtype H10</font></i> | H10N8, H10N8 <i><font color=""blue"" style=""font-size: 10px;"">Influenza caused by Influenza A virus subtype H10</font></i> | H10N5, H10N5 <i><font color=""blue"" style=""font-size: 10px;"">Influenza caused by Influenza A virus subtype H10</font></i> | -88, Other | -99, Unspecified",,,,,,"[orthomyxoviridae_diseases(442438000-01)]= ""1"" or [orthomyxoviridae_diseases(1149091008)]= ""1"" or [orthomyxoviridae_diseases(442438000-02)]= ""1"" or [orthomyxoviridae_diseases(713083002)]= ""1"" or [orthomyxoviridae_diseases(H6)]= ""1"" or [orthomyxoviridae_diseases(450715004)]= ""1"" or [orthomyxoviridae_diseases(H10)]= ""1"" or [orthomyxoviridae_diseases(-88)]= ""1"" or [orthomyxoviridae_diseases(-99)]= ""1""",,,,,,
influenza_strains_other,grant,,text,"If <font color=red>[Other Influenza Strains]</font> Please Specific:",,,,,,,"[orthomyxoviridae_diseases_strains(-88)]= ""1""",,,,,,
paramyxoviridae_pathogen,grant,,checkbox,"Paramyxoviridae Pathogens","ICTV20020449, Henipavirus nipahense | ICTV20020448, Henipavirus Hendraense | -88, Other | -99, Unspecified",,,,,,"[families(ICTV19750011)]= ""1""",,,,,,
paramyxoviridae_pathogen_other,grant,,text,"If <font color=red>[Other Paramyxoviridae pathogens]</font> Please Specify:",,,,,,,"[paramyxoviridae_pathogen(-88)]= ""1""",,,,,,
paramyxoviridae_diseases,grant,,checkbox,"Paramyxoviridae Diseases","406597005, Infection caused by Nipah virus | 773582002, Infection caused by Hendra virus | -88, Other | -99, Unspecified",,,,,,"[paramyxoviridae_pathogen(ICTV20020449)]= ""1"" or [paramyxoviridae_pathogen(ICTV20020448)]= ""1"" or [paramyxoviridae_pathogen(-88)]= ""1"" or [paramyxoviridae_pathogen(-99)]= ""1""",,,,,,
paramyxoviridae_diseases_other,grant,,text,"If <font color=red>[Other Paramyxoviridae Diseases]</font> Please Specify:",,,,,,,"[paramyxoviridae_diseases(-88)]= ""1""",,,,,,
phenuiviridae_pathogen,grant,,checkbox,"Phenuiviridae Pathogens","ICTV19990693, Phlebovirus riftense | ICTV20141803, Bandavirus dabieense | -88, Other | -99, Unspecified",,,,,,"[families(ICTV20164611)]= ""1""",,,,,,
phenuiviridae_pathogen_other,grant,,text,"If <font color=red>[Other Phenuiviridae pathogens]</font> Please Specify:",,,,,,,"[phenuiviridae_pathogen(-88)]= ""1""",,,,,,
phenuiviridae_diseases,grant,,checkbox,"Phenuiviridae Diseases","402917003, Rift Valley fever | 722401001, Severe Fever with Thrombocytopenia Syndrome | -88, Other | -99, Unspecified",,,,,,"[phenuiviridae_pathogen(ICTV19990693)]= ""1"" or [phenuiviridae_pathogen(ICTV20141803)]= ""1"" or [phenuiviridae_pathogen(-88)]= ""1"" or [phenuiviridae_pathogen(-99)]= ""1""",,,,,,
phenuiviridae_diseases_other,grant,,text,"If <font color=red>[Other Phenuiviridae Diseases]</font> Please Specify:",,,,,,,"[phenuiviridae_diseases(-88)]= ""1""",,,,,,
poxviridae_pathogen,grant,,checkbox,"Poxviridae Pathogens","ICTV19911346, Orthopoxvirus vaccinia | ICTV19710294, Orthopoxvirus variola | ICTV19710279, Orthopoxvirus monkeypox | -88, Other | -99, Unspecified",,,,,,"[families(ICTV19740004)]= ""1""",,,,,,
poxviridae_pathogen_other,grant,,text,"If <font color=red>[Other Poxviridae pathogens]</font> Please Specify:",,,,,,,"[poxviridae_pathogen(-88)]= ""1""",,,,,,
poxviridae_diseases,grant,,checkbox,"Poxviridae Diseases","111852003, Vaccinia virus infection | 67924001, Smallpox | 359814004, mpox | -88, Other | -99, Unspecified",,,,,,"[poxviridae_pathogen(ICTV19911346)]= ""1"" or [poxviridae_pathogen(ICTV19710294)]= ""1"" or [poxviridae_pathogen(ICTV19710279)]= ""1"" or [poxviridae_pathogen(-88)]= ""1"" or [poxviridae_pathogen(-99)]= ""1""",,,,,,
poxviridae_diseases_other,grant,,text,"If <font color=red>[Other Poxviridae Diseases]</font> Please Specify:",,,,,,,"[poxviridae_diseases(-88)]= ""1""",,,,,,
togaviridae_pathogen,grant,,checkbox,"Togaviridae Pathogens","ICTV19710074, Alphavirus chikungunya | ICTV19710086, Alphavirus venezuelan | -88, Other | -99, Unspecified",,,,,,"[families(ICTV19740006)]= ""1""",,,,,,
togaviridae_pathogen_other,grant,,text,"If <font color=red>[Other Togaviridae pathogens]</font> Please Specify:",,,,,,,"[togaviridae_pathogen(-88)]= ""1""",,,,,,
togaviridae_diseases,grant,,checkbox,"Togaviridae Diseases","111864006, Chikungunya | 417702007, Disorder caused by Venezuelan equine encephalitis virus | -88, Other | -99, Unspecified",,,,,,"[togaviridae_pathogen(ICTV19710074)]= ""1"" or [togaviridae_pathogen(ICTV19710086)]= ""1"" or [togaviridae_pathogen(-88)]= ""1"" or [togaviridae_pathogen(-99)]= ""1""",,,,,,
togaviridae_diseases_other,grant,,text,"If <font color=red>[Other Togaviridae Diseases]</font> Please Specify:",,,,,,,"[togaviridae_diseases(-88)]= ""1""",,,,,,
pathogen_x_pathogen,grant,,checkbox,"Pathogen X Pathogens","np001, Pathogen X | -88, Other | -99, Unspecified",,,,,,"[families(np001)]= ""1""",,,,,,
pathogen_x_pathogen_other,grant,,text,"If <font color=red>[Other Pathogen X pathogens]</font> Please Specify:",,,,,,,"[pathogen_x_pathogen(-88)]= ""1""",,,,,,
disease_x_diseases,grant,,checkbox,"Disease X Diseases","np001, Disease X | -88, Other | -99, Unspecified",,,,,,"[pathogen_x_pathogen(np001)]= ""1"" or [pathogen_x_pathogen(-88)]= ""1"" or [pathogen_x_pathogen(-99)]= ""1""",,,,,,
disease_x_diseases_other,grant,,text,"If <font color=red>[Other Disease X Diseases]</font> Please Specify:",,,,,,,"[disease_x_diseases(-88)]= ""1""",,,,,,
vibrionaceae_pathogen,grant,,checkbox,"Vibrionaceae Pathogens","125048009, Vibrio cholerae serogroup 0139 | -88, Other | -99, Unspecified",,,,,,"[families(115077009)]= ""1""",,,,,,
vibrionaceae_pathogen_other,grant,,text,"If <font color=red>[Other Vibrionaceae pathogens]</font> Please Specify:",,,,,,,"[vibrionaceae_pathogen(-88)]= ""1""",,,,,,
vibrionaceae_diseases,grant,,checkbox,"Vibrionaceae Diseases","63650001, Cholera | -88, Other | -99, Unspecified",,,,,,"[vibrionaceae_pathogen(125048009)]= ""1"" or [vibrionaceae_pathogen(-88)]= ""1"" or [vibrionaceae_pathogen(-99)]= ""1""",,,,,,
vibrionaceae_diseases_other,grant,,text,"If <font color=red>[Other Vibrionaceae Diseases]</font> Please Specify:",,,,,,,"[vibrionaceae_diseases(-88)]= ""1""",,,,,,
yersiniaceae_pathogen,grant,,checkbox,"Yersiniaceae Pathogens","54365000, Yersinia Pestis | -88, Other | -99, Unspecified",,,,,,"[families(1269429001)]= ""1""",,,,,,
yersiniaceae_pathogen_other,grant,,text,"If <font color=red>[Other Yersiniaceae pathogens]</font> Please Specify:",,,,,,,"[yersiniaceae_pathogen(-88)]= ""1""",,,,,,
yersiniaceae_diseases,grant,,checkbox,"Yersiniaceae Diseases","58750007, Plague | -88, Other | -99, Unspecified",,,,,,"[yersiniaceae_pathogen(54365000)]= ""1"" or [yersiniaceae_pathogen(-88)]= ""1"" or [yersiniaceae_pathogen(-99)]= ""1""",,,,,,
yersiniaceae_diseases_other,grant,,text,"If <font color=red>[Other Yersiniaceae Diseases]</font> Please Specify:",,,,,,,"[yersiniaceae_diseases(-88)]= ""1""",,,,,,
additional_families,grant,"<div class=""rich-text-field-label""><p><span style=""background-color: #169179; font-size: 14pt;"">Additional Section</span></p></div>",text,"Additional Families OR If <font color=red>[Other Families]</font> Please Specific:",,,,,,,"[families(-88)]= ""1""",,,,,,
additional_pathogens,grant,"<div class=""rich-text-field-label""><p><span style=""background-color: #169179; font-size: 14pt;"">Additional Section</span></p></div>",text,"Additional Pathogens",,,,,,,"[additional_families] <> """"",,,,,,
additional_diseases,grant,,text,"Additional Diseases",,,,,,,"[additional_pathogens] <> """"",,,,,,
review_other,grant,,text,"Review Other",,,,,,,,,,,,,
mesh_terms,grant,,text,MESH_Terms,,,,,,,,,,,,,
grant_double_verification,grant,,dropdown,"<div class=""rich-text-field-label""><p><span style=""background-color: rgb(241, 196, 15);"">Grant Double Verification <span style=""color: green;""> [grant_double_verification]</span></span></p></div>","0, Unverified | 1, Verified","Please alway remember confirm the <font color=red>Double Verification</font>",,,,,,,,,,," @DEFAULT='0'"
funding_scheme,funder,"<p><span style=""color: #3598db;"">Grant Title Eng:</span> <span style=""background-color: #fbeeb8;"">[grant_title_eng]</span></p> <p><br /><span style=""color: #3598db;"">Abstract:</span><em> <span style=""background-color: #fbeeb8;"">[abstract]</span></em></p> <p><br /><span style=""color: #3598db;"">Laysummary:</span> <span style=""background-color: #fbeeb8;"">[laysummary]</span></p>",text,"Funding Scheme",,,,,,,,,,,,,
child_funder,funder,,text,"Child Funder",,,,,,,,,,,,,
funder_name,funder,,checkbox,"Funder Name","395, 360biolabs | 290, Abdul Latif Jameel Poverty Action Lab | 46, Academy of Finland | 216, American Council of Learned Societies | 152, AFD | 139, African Academy of Sciences (AAS) | 174, Agence Universitaire de la Francophonie (AUF) | 102, Agency for Healthcare Research and Quality | 231, Al Jalila Foundation | 95, Alberta Innovates | 339, Alfred P. Sloan Foundation | 262, American Diabetes Association | 209, American Heart Association | 250, American Lung Association | 229, American Pharmacists Association Foundation | 220, American Society of Clinical Oncology | 223, American Thoracic Society | 242, American University of Beirut | 158, ANID | 107, Animal Free Research UK | 29, ANR | 21, Agence nationale de recherche sur le sida et les hépatites virale [National Agency for AIDS Research] (ANRS) | 8, APPRISE | 143, ARAMIS | 259, Auckland Medical Research Foundation (AMRF) | 337, Australian Government (Australian Research Council) | 265, Australian National University | 110, Austrian Research Promotion Agency (FFG) | 230, Autism Science Foundation | 99, AXA | 203, Azim Premji University | 9942, Action Against Hunger | 9943, Age International UK | 9944, African Institute for Mathematical Sciences | 133, BBVA Foundation (Spain) | 380, BC Ministry of Health | 356, Gates Foundation | 396, Biotechnology and Biological Sciences Research Council | 272, BIRAC | 15, Federal Ministry of Research, Technology and Space (BMFTR) | 252, Boettcher Foundation | 111, Botnar Research Centre for Child Health | 347, Botnar Research Centre for Child Health (BRCCH) | 84, BPI-France | 291, Brady Education Foundation | 312, Brain Research New Zealand | 160, BRICS | 35, British Academy | 188, British Heart Foundation | 100, British Society for Antimicrobial Chemotherapy (BSAC) | 293, Brown University | 361, Bulgaria National Science Fund (BNSF) | 349, Bundesamt für Gesundheit (BAG) | 243, Burnet Institute | 9912, British Red Cross | 166, C3.ai DTI | 384, CABHI | 115, CaixaImpulse | 313, Callaghan Innovation | 155, Cambridge Africa | 281, Canadian Frailty Network | 397, Canadian Institutes of Health Research (CIHR) | 246, Canadian Statistical Sciences Institute (CANSSI) | 198, CAPNETZ | 68, Carlsberg Foundation | 377, CDC | 388, Centre de recherche de l'Institut universitaire en santé mentale de Montréal (CR-IUSMM) | 106, Centro Regulador de Urgencias y Emergencias (CRUE Santander) | 74, Chan Zuckerberg Initiative | 236, CHEST Foundation | 298, CHU de Limoges | 297, CHU Dijon Bourgogne | 168, CIRAD | 49, CNRS Lebanon | 193, CNRST | 16, Coalition for Epidemic Preparedness Innovations (CEPI) | 210, Commonwealth Fund | 228, Congressionally Directed Medical Research Programs (CDMRP) | 136, Consejo Nacional de Ciencia y Tecnología (CONACYT) | 131, Consejo Nacional de Ciencia, Tecnología e Innovación Tecnológica (CONCYTEC) | 391, Consulate General of France (CGF) in Hong Kong | 141, Corporación de Fomento de la Producción (CORFO) | 277, COVID-19 Immunity Task Force (CITF) | 28, COVID-19 Therapeutics Accelerator Wellcome Trust | 18, CSO Scotland | 9913, CARE International UK | 53, Danish Independent Research Foundation | 394, DDR&D (Israel) | 134, Decanato de Pesquisa e Inovação - Universidade de Brasilia (DPI) | 92, Department for Environment, Food and Rural Affairs (DEFRA) | 128, Departamento de Investigación postgrado e interaccion social (Bolivia) | 249, Department of Biotechnology (DBT) India | 248, Department of Science & Technology (DST) India | 266, Department of Science and Innovation - South Africa | 199, Department of Science and Technology - India | 27, DFG | 34, Department of Health and Social Care / National Institute for Health and Care Research (DHSC-NIHR) | 187, Diabetes UK | 85, DIM-ELICIT | 341, Directorate-General for Research and Innovation (DG RTD) | 256, Doherty Institute | 365, DRDO (India) | 191, Duke University | 398, Dutch Research Council (NWO) | 9910, DBT/Wellcome Trust India Alliance | 9914, Danish Refugee Council | 9915, Department for Business, Energy and Industrial Strategy | 9916, Disasters Emergency Committee | 9917, DT Global International Development UK Ltd | 148, e-Asia JRP | 1, European Commission | 399, Economic and Social Research Council | 24, European & Developing Countries Clinical Trials Partnership (EDCTP) | 330, Elizabeth Blackwell Institute for Health Research | 997, Elrha | 253, Emergency Medicine Foundation | 14, Emergent Ventures Fast Grants | 362, Emory Vaccine Center | 400, Engineering and Physical Sciences Research Council | 393, Enterprise Ireland | 336, ERC | 80, Estonian Research Council | 801, Estonian Ministry of Social Affairs | 802, Ministry of Environment | 803, Estonian Ministry of Economic Affairs and Communications | 296, Etablissement Français du Sang | 401, Eunice Kennedy Shriver National Institute of Child Health and Human Development | 402, European & Developing Countries Clinical Trials Partnership | 71, European Open Science Cloud (EOSC) | 369, European Society of Intensive Care Medicine | 355, Expertise France | 176, FACEPE Brazil | 270, FAPEAL | 118, FAPEAM Brazil | 173, FAPEAP Brazil | 179, FAPEG Brazil | 180, FAPEMIG Brazil | 119, FAPEPI Brazil | 308, FAPERJ | 286, FAPES | 120, FAPES Brazil | 287, FAPESC | 122, FAPESC Brazil | 78, Fundação de Amparo à Pesquisa do Estado de São Paulo [São Paulo Research Foundation] (FAPESP) | 177, FAPESQ Brazil | 82, FCT Portugal | 76, Federal Office of Public Health (FOPH) | 273, Finnish Institute for Health and Welfare | 50, FNRS Belgium | 31, Fondation pour la Recherche Médicale | 279, Fonds de recherche du Québec (FRQ) | 226, FORE | 25, Foreign, Commonwealth & Development Office (FCDO) | 87, FORMAS | 235, Foundation for Food & Agriculture Research (FFAR) | 218, Fraunhofer-Gesellschaft | 181, Fundação Araucária | 175, Fundação Cearense de Apoio ao Desenvolvimento Científico e Tecnológico (FUNCAP) | 121, Fundação de Amparo à Pesquisa do Estado da Bahia (FAPESB) | 51, Fundação de Amparo à Pesquisa do Estado do Rio de Janeiro (FAPERJ) | 117, Fundação de Amparo à Pesquisa do Estado do Rio Grande do Sul (FAPERGS) | 116, Fundação de Amparo à Pesquisa e ao Desenvolvimento Científico e Tecnológico do Maranhão (FAPEMA) | 127, Fundação de Apoio à Pesquisa do Distrito Federal (FAPDF) | 178, Fundação de Apoio ao Desenvolvimento do Ensino, Ciência e Tecnologia do Estado de Mato Grosso do Sul (FUNDECT) | 129, Fundacion Mutua Madrilena (Spain) | 47, FWF | 48, FWO Belgium | 9918, Foundation for Innovative New Diagnostics (FIND) | 207, G2LM | 413, LIC | 414, Global Health Innovative Technology Fund (GHIT) | 415, Biomedical Advanced Research and Development Authority (BARDA) | 381, Gabon government | 225, Genome BC | 354, Genome Canada | 390, Génome Québec | 340, German Research Foundation (DFG) | 346, Global Alliance for Vaccines and Immunization (GAVI) | 214, Goethe University | 275, Government of Nepal | 65, Government of Ontario (Canada) | 224, Greenwall Foundation | 104, Gund Institute | 9919, GiveDirectly | 9920, GOAL UK | 9921, Ground Truth Solutions | 9922, GSMA Foundation | 284, Harrington Discovery Institute | 359, Health Canada | 17, Health Research Council of New Zealand | 348, Helmholtz-Zentrum für Infektionsforschung, Kanton Luzern, Kantonsarztamt Kanton Bern | 302, Helmsley Charitable Trust | 205, Henry Luce Foundation | 274, Higher Education Commission Pakistan | 36, HRB Ireland | 67, HRZZ Croatia | 9923, Humanity & Inclusion - Handicap International UK | 358, IDA Ireland | 5, International Development Research Centre (IDRC) | 169, IHU Marseille | 147, Independent Research Fund Denmark | 162, Indian Council of Medical Research (ICMR) | 112, Indian Council of Social Science Research | 375, Indo-US Science and Technology Forum | 75, Innosuisse | 114, Innovate Peru | 403, Innovate UK | 94, Innovations for Poverty Action | 54, Innovationsfonden Denmark | 295, Inserm | 353, INSERM | 109, Institut de recherche Robert-Sauvé en santé et en sécurité du travail (IRSST) | 13, Institut Pasteur International Network (IPIN) | 329, Institute for Health Management | 260, Instituto Evandro Chagas (IEC) | 132, Instituto Hondureño de Ciencia, Tecnología e Innovación (IHCIETI) | 261, Instituto Nacional de Salud Peru | 204, International Centre for Genetic Engineering and Biotechnology (ICGEB) | 126, International Growth Centre | 364, International Hepato-Pancreato-Biliary Association (IHPBA) (USA) | 222, International Science Council | 172, IRD | 357, Irish Research Council | 12, National Institute of Health Carlos III [El Instituto de Salud Carlos III] (ISCIII) | 91, Israel Innovation Authority | 278, IVADO | 9924, International Labour Organization (ILO) | 9925, International Organization for Migration (IOM) | 9926, Internews Europe | 183, IZA - Institute of Labor Economics | 342, Japan Society for the Promotion of Science | 7, Japan Agency for Medical Research and Development (AMED) | 404, John E. Fogarty International Center | 206, Johns Hopkins University | 101, Junta de Andalucia | 130, Junta de Castilla y Leon - Consejeria de Sanidad | 241, KAKENHI | 219, Leibniz Association | 263, LifeArc | 376, Liverpool School of Tropical Medicine | 55, Lundbeck Foundation | 124, Luxembourg National Research Fund | 325, Making The Shift Inc | 151, Malta Council for Science and Technology | 311, MBIE New Zealand | 264, Medical University of Vienna | 386, Michael and Susan Dell Foundation | 96, Michael Smith Foundation for Health Research | 157, MINCTCI - Chile | 40, Ministerio de Ciencia, Tecnología e Innovación [Ministry of Science, Technology and Innovation] (MINCYT) | 125, Ministre des Solidarités et de la Santé (France) | 332, Ministry for Innovation and Technology (Hungary) | 328, Ministry of Education, University and Research Italy | 163, Ministry of Health - Italy | 9909, Ministry of health and welfare (Korea) | 79, Ministry of Science, Technology and Innovation (Colombia) | 331, Mitacs | 382, MOH | 389, Montreal Economic Institute (MEI) | 154, MRIC Mauritius | 9927, Mott MacDonald Group Limited | 9945, Medical Research Foundation | 146, NASA | 232, National Centre for Student Equity in Higher Education (NCSEHE) | 334, National Council for Science and Technology (NCST) Rwanda | 405, National Health and Medical Research Council (NHMRC) | 406, National Institute for Health Research | 407, National Institute of Allergy and Infectious Diseases | 408, National Institute of Dental and Craniofacial Research | 409, National Institute of Neurological Disorders and Stroke | 410, National Institutes of Health (NIH) | 32, National Medical Research Council Singapore | 89, National Natural Science Foundation of China (NSFC) | 213, National Research Foundation (NRF) | 90, National Research Foundation of Korea (NRF) | 153, National Research Fund (NRF) Kenya | 255, National Research, Development and Innovation Office (NRDI) | 59, National Science Center Poland | 804, National Centre for the Replacement, Refinement and Reduction of Animals in Research (NC3Rs) | 411, Natural Environment Research Council | 149, Natural Sciences and Engineering Research Council of Canada (NSERC) | 315, Nazarbayev University | 383, NBHRF | 93, New South Wales Government (Health) | 267, Newton Fund | 137, Netherlands Organisation for Health Research and Development (ZonMW) | 217, NORCE | 81, NordForsk | 69, Nordic Trial Alliance (NTA) | 192, North Carolina Biotechnology Center | 323, Northern Periphery and Arctic Programme | 378, Novavax | 41, Novo Nordisk Foundation | 19, National Science Foundation (NSF) | 159, NSF Bulgaria | 186, Nuffield Foundation | 73, NWO Netherlands | 372, NYU Grossman school of Medicine | 9928, Norwegian Refugee Council | 77, Federal Food Safety and Veterinary Office (FSVO) | 62, Other Funders (Canada) | 299, Other funders (Canada) | 30, Other funders (France) | 303, Other Funders (France) | 294, Other Funders (Israel) | 319, Other Funders (Sweden) | 282, Other Funders (USA) | 244, Oxford University Clinical Research Unit (OUCRU) | 9929, Overseas Development Institute | 189, Partnership for Advanced Computng in Europe (PRACE) | 165, Partnership for Economic Policy (PEP) | 103, Patient-Centered Outcomes Research Institute | 280, Patient-Centered Outcomes Research Institute (PCORI) | 161, Paul Ramsey Foundation | 283, Paul Scherrer Institut (PSI) | 197, PEDL | 98, Peter Wall Institute | 289, Peterson Foundation | 258, Philippine Council for Health Research and Development (PCHRD) | 285, PSI Foundation | 9930, Plan International UK | 9931, PRICEWATERHOUSECOOPERS LLP (PwC) | 113, Qatar National Research Fund | 257, RBWH Foundation | 2, REACTing | 292, Research Corporation for Science Advancement | 43, The Research Council of Norway (RCN) | 333, Research Grants Council (RGC) of Hong Kong | 9, Research Manitoba | 64, Research Nova Scotia | 234, Rheumatology Research Foundation | 190, RIKEN | 996, RIGHT Foundation | 42, Robert Wood Johnson Foundation | 63, Roche Holding AG (Roche) | 61, Royal Academy of Engineering (RAENG) | 142, Royal Society of Tropical Medicine and Hygiene (RSTMH) | 185, Russell Sage Foundation | 318, Russian Science Foundation | 317, Ryerson University | 412, São Paulo Research Foundation | 97, Saskatchewan Health Research Foundation | 37, Science Foundation Ireland (SFI) Ireland | 135, Secretaría Nacional de Ciencia, Tecnología e Innovación (SENACYT) | 60, SERB India | 314, SFI Ireland | 245, Shastri Indo-Canadian Institute | 227, Sigma Theta Tau | 324, Smart Computing for Innovation (SOSCIP) | 38, Snow Medical Research Foundation | 182, Social Sciences Research Council (SSRC) | 194, Sociedad Espanola De Cardiologia | 268, Solidarity Fund | 387, South Africa Department of Science and Innovation | 269, South African Medical Research Council (SAMRC) | 145, Southeast Asia Engineering Education Development Network | 140, Spanish Society of Pneumology and Thoracic Surgery (SEPAR) | 201, Spencer Foundation | 4, SSHRC | 350, State Secretariat for Education, Research and Innovation (SERI) | 196, SVRI | 26, Swedish Research Council | 343, Swiss National Science Foundation (SNSF) | 144, Swiss Federal Office of Energy (SFOE) | 9932, Save the Children UK | 9933, Sightsavers | 385, Technology Innovation Agency | 195, Telethon Foundation | 666, The Academy of Medical Sciences | 667, The Dunhill Medical Trust | 370, The Forum for Ethical Review Committees in the Asian and Western Pacific Region (FERCAP) | 338, The Health Foundation | 379, The Leona M. and Harry B. Helmsley Charitable Trust | 233, The Ottawa Hospital Foundation | 88, The Structural Genomics Consortium (SGC) | 164, The Swedish Foundation for International Cooperation in Research and Higher Education (STINT) | 366, The University of Iowa | 239, Therapeutic Innovation Australia | 360, Trond-Mohn Foundation | 221, TUBITAK | 271, TV3 Foundation | 9934, The Allergy & Asthma Institute (Pakistan) | 9935, The Freedom Fund | 9936, TradeMark Africa | 9937, Trocaire | 202, UCB Community Health Fund | 52, UFM Denmark | 304, UFRJ (Brazil) | 11, UK Research and Innovation (UKRI) | 170, UNICEF | 22, UNITAID | 344, United States Agency for International Development (USAID) | 138, Universidad de los Llanos | 240, University College London | 310, University of Auckland | 345, University of Basel | 363, University of Birmingham | 300, University of British Columbia (UBC) | 321, University of Calgary | 322, University of Calgary, Alberta Health Services | 327, University of California | 251, University of Colorado | 367, University of Edinburgh | 371, University of Indiana | 238, University of Maryland | 254, University of Michigan | 108, University of Minnesota | 373, University of Modena and Reggio Emilia | 247, University of New Hampshire | 237, University of New South Wales | 374, University of Oxford | 288, University of Pittsburgh Clinical and Translational Science Institute (CTSI) | 305, University of São Paulo | 276, USDA-National Institute of Food and Agriculture (USDA - NIFA) | 9938, UK-Med | 9939, United Nations Development Programme (UNDP) | 105, Vancouver Coastal Health Research Institute | 200, Víctor Grífols i Lucas Foundation | 86, Victoria State Government (Australia) | 212, Vingroup | 123, Vinnova | 215, Visegrad | 351, Vital Strategies | 45, Volkswagen Stiftung | 326, WE SPARK HEALTH Institute | 66, Wellcome Centre for Infectious Diseases Research in Africa (CIDRI-Africa) | 10, Wellcome Trust | 320, Western University | 171, WHO | 211, William T. Grant Foundation | 368, World Heart Federation (WHF) | 156, WWTF Austria | 9940, World Jewish Relief | 208, Yale University | 316, York University | 392, Zurich University of Applied Sciences (FHNW) Leading House for South Asia and Iran | 9941, Zoological Society of London",,,,,,,,,,,,
funder_country,funder,,checkbox,"Funder Country","4, Afghanistan | 248, Åland Islands | 8, Albania | 12, Algeria | 16, American Samoa | 20, Andorra | 24, Angola | 660, Anguilla | 10, Antarctica | 28, Antigua and Barbuda | 32, Argentina | 51, Armenia | 533, Aruba | 36, Australia | 40, Austria | 31, Azerbaijan | 44, Bahamas | 48, Bahrain | 50, Bangladesh | 52, Barbados | 112, Belarus | 56, Belgium | 84, Belize | 204, Benin | 60, Bermuda | 64, Bhutan | 68, Bolivia | 535, Bonaire | 70, Bosnia and Herzegovina | 72, Botswana | 74, Bouvet Island | 76, Brazil | 86, British Indian Ocean Territory | 96, Brunei Darussalam | 100, Bulgaria | 854, Burkina Faso | 108, Burundi | 132, Cabo Verde | 116, Cambodia | 120, Cameroon | 124, Canada | 136, Cayman Islands | 140, Central African Republic | 148, Chad | 152, Chile | 156, China | 162, Christmas Island | 166, Cocos (Keeling) Islands | 170, Colombia | 174, Comoros | 178, Congo | 180, Congo (DRC) | 184, Cook Islands | 188, Costa Rica | 384, Cote d'Ivoire | 191, Croatia | 192, Cuba | 531, Curaçao | 196, Cyprus | 203, Czech Republic | 208, Denmark | 262, Djibouti | 212, Dominica | 214, Dominican Republic | 218, Ecuador | 818, Egypt | 222, El Salvador | 226, Equatorial Guinea | 232, Eritrea | 233, Estonia | 748, Eswatini | 231, Ethiopia | 238, Falkland Islands | 234, Faroe Islands | 242, Fiji | 246, Finland | 250, France | 254, French Guiana | 258, French Polynesia | 260, French Southern Territories | 266, Gabon | 270, Gambia | 268, Georgia | 276, Germany | 288, Ghana | 292, Gibraltar | 300, Greece | 304, Greenland | 308, Grenada | 312, Guadeloupe | 316, Guam | 320, Guatemala | 831, Guernsey | 324, Guinea | 624, Guinea-Bissau | 328, Guyana | 332, Haiti | 334, Heard Island and McDonald Islands | 336, Holy See | 340, Honduras | 344, Hong Kong | 348, Hungary | 352, Iceland | 356, India | 360, Indonesia | 364, Iran | 368, Iraq | 372, Ireland | 833, Isle of Man | 376, Israel | 380, Italy | 388, Jamaica | 392, Japan | 832, Jersey | 400, Jordan | 398, Kazakhstan | 404, Kenya | 296, Kiribati | 414, Kuwait | 417, Kyrgyzstan | 418, Lao People's Democratic Republic | 428, Latvia | 422, Lebanon | 426, Lesotho | 430, Liberia | 434, Libya | 438, Liechtenstein | 440, Lithuania | 442, Luxembourg | 446, Macao | 450, Madagascar | 454, Malawi | 458, Malaysia | 462, Maldives | 466, Mali | 470, Malta | 584, Marshall Islands | 474, Martinique | 478, Mauritania | 480, Mauritius | 175, Mayotte | 484, Mexico | 583, Micronesia | 498, Moldova | 492, Monaco | 496, Mongolia | 499, Montenegro | 500, Montserrat | 504, Morocco | 508, Mozambique | 104, Myanmar | 516, Namibia | 520, Nauru | 524, Nepal | 528, Netherlands | 540, New Caledonia | 554, New Zealand | 558, Nicaragua | 562, Niger | 566, Nigeria | 570, Niue | 574, Norfolk Island | 408, North Korea | 580, Northern Mariana Islands | 578, Norway | 512, Oman | 586, Pakistan | 585, Palau | 275, Palestine | 591, Panama | 598, Papua New Guinea | 600, Paraguay | 604, Peru | 608, Philippines | 612, Pitcairn | 616, Poland | 620, Portugal | 630, Puerto Rico | 634, Qatar | 807, Republic of North Macedonia | 638, Réunion | 642, Romania | 643, Russia | 646, Rwanda | 652, Saint Barthelemy | 654, Saint Helena | 659, Saint Kitts and Nevis | 662, Saint Lucia | 663, Saint Martin (French part) | 666, Saint Pierre and Miquelon | 670, Saint Vincent and the Grenadines | 882, Samoa | 674, San Marino | 678, Sao Tome and Principe | 682, Saudi Arabia | 686, Senegal | 688, Serbia | 690, Seychelles | 694, Sierra Leone | 702, Singapore | 534, Sint Maarten | 703, Slovakia | 705, Slovenia | 90, Solomon Islands | 706, Somalia | 710, South Africa | 239, South Georgia and the South Sandwich Islands | 410, South Korea | 728, South Sudan | 724, Spain | 144, Sri Lanka | 729, Sudan | 740, Suriname | 744, Svalbard and Jan Mayen | 752, Sweden | 756, Switzerland | 760, Syrian Arab Republic | 158, Taiwan | 762, Tajikistan | 834, Tanzania | 764, Thailand | 626, Timor-Leste | 768, Togo | 772, Tokelau | 776, Tonga | 780, Trinidad and Tobago | 788, Tunisia | 792, Turkey | 795, Turkmenistan | 796, Turks and Caicos Islands | 798, Tuvalu | 800, Uganda | 804, Ukraine | 784, United Arab Emirates | 826, United Kingdom | 581, United States Minor Outlying Islands | 840, United States of America | 858, Uruguay | 860, Uzbekistan | 548, Vanuatu | 862, Venezuela | 704, Viet Nam | 92, Virgin Islands (British) | 850, Virgin Islands (US) | 876, Wallis and Futuna | 732, Western Sahara | 887, Yemen | 894, Zambia | 716, Zimbabwe | 9999, International | 99999, Europe | 999999, South-East Asia | 9999999, Western Pacific",,,,,,,,,,,,
funder_region,funder,,checkbox,"Funder Region","1, Africa | 2, Americas | 5, Eastern Mediterranean | 99999, Europe | 9999, International | 999999, South-East Asia | 9999999, Western Pacific | -99, Unspecified",,,,,,,,,,,,
funderacronym,funder,,text,"Funder Acronym",,,,,,,,,,,,,
investigator_title,investigator,"<p><span style=""color: #3598db;"">Grant Title Eng:</span> <span style=""background-color: #fbeeb8;"">[grant_title_eng]</span></p> <p><br /><span style=""color: #3598db;"">Abstract:</span><em> <span style=""background-color: #fbeeb8;"">[abstract]</span></em></p> <p><br /><span style=""color: #3598db;"">Laysummary:</span> <span style=""background-color: #fbeeb8;"">[laysummary]</span></p>",text,"Investigator Title",,,,,,,,,,,,,
investigator_firstname,investigator,,text,"Investigator FirstName",,,,,,,,,,,,,
investigator_lastname,investigator,,text,"Investigator LastName",,,,,,,,,,,,,
investigator_orcid,investigator,,text,"Investigator ORCID",,,,,,,,,,,,,
rorid,researchinstitution,,text,"ROR ID",,,,,,,,,,,,,
research_institition_name,researchinstitution,,text,"Institution Name",,,,,,,,,,,,,
institition_affiliation,researchinstitution,,text,Affiliated,,,,,,,,,,,,,
research_institution_country,researchinstitution,,text,"Institution Country",,,,,,,,,,,,,
research_institution_country_iso,researchinstitution,,text,"institution Country ISO",,,,,,,,,,,,,
research_institution_region,researchinstitution,,checkbox,Research_Institution_Region,"1, Africa | 2, Americas | 5, Eastern Mediterranean | 99999, Europe | 9999, International | 999999, South-East Asia | 9999999, Western Pacific | -99, Unspecified",,,,,,,,,,,,
partner_org_name,researchinstitution,,text,"Partner Organisation Name",,,,,,,,,,,,,
research_location_country,researchinstitution,,text,"Research Location Country",,,,,,,,,,,,,
research_location_country_iso,researchinstitution,,text,"Research Location Country ISO",,,,,,,,,,,,,
research_location_region,researchinstitution,,checkbox,"Research Location Region","1, Africa | 2, Americas | 5, Eastern Mediterranean | 99999, Europe | 9999, International | 999999, South-East Asia | 9999999, Western Pacific | -99, Unspecified",,,,,,,,,,,,
break_line,researchcategory,"<p><span style=""color: #3598db;"">Grant Title Eng:</span> <span style=""background-color: #fbeeb8;"">[grant_title_eng]</span></p> <p><br /><span style=""color: #3598db;"">Abstract:</span><em> <span style=""background-color: #fbeeb8;"">[abstract]</span></em></p> <p><br /><span style=""color: #3598db;"">Laysummary:</span> <span style=""background-color: #fbeeb8;"">[laysummary]</span></p>",descriptive,,,,,,,,,,,,,,
tags,researchcategory,,checkbox,Tags,"1, Data Management and Data Sharing | 2, Digital Health | 3, Innovation | 4, Gender",,,,,,,,,,,,
research_and_policy_roadmaps,researchcategory,,checkbox,"Research and Policy Roadmaps","12, Capacity strengthening | 13, Surveillance | 24, Combined Regional Mpox R&D priorities | 25, WHO Mpox Immediate Research Actions | 26, Marburg CORC Priorities | 27, Ebola Priorities",,,,,,,,,,,,
capacity_strengthening_list,researchcategory,,checkbox,"Capacity Strengthening List","a, Inidividual level capacity strengthening | b, Institutional level capacity strengthening | c, Systemic/environmental components of capacity strengthening | d, Cross-cutting",,,,,,"[research_and_policy_roadmaps(12)] = '1'",,,,,,
disease_surveillance_list,researchcategory,,checkbox,"Disease Surveillance List","a, Disease surveillance detection | b, Disease surveillance verification | c, Disease surveillance notification | d, Disease surveillance response | e, Disease surveillance integration | f, Analysis for disease surveillance | g, Disease surveillance reporting | h, Decisions related to  disease surveillance | i, Disease surveillance evaluation | j, Disease surveillance governance",,,,,,"[research_and_policy_roadmaps(13)] = '1'",,,,,,
priority_statements_regional,researchcategory,,checkbox,"Priority Statements Regional","14, Pathogen: natural history, transmission and diagnostics | 16, Epidemiological studies | 17, Clinical characterisation and management | 18, Infection prevention and control | 19, Therapeutics research, development and implementation | 20, Vaccines research, development and implementation | 21, Policies for public health, disease control &  community resilience | 23, Health Systems Research",,,,,,"[research_and_policy_roadmaps(24)] = '1'",,,,,,
priority_statements_who_immediate,researchcategory,,checkbox,"Priority Statements WHO Mpox Immediate Research Actions  ","1, Obtain additional data on Mpox transmission and epidemiology, including clinical outcomes and risk factors for severe disease. | 2, Evaluate and deploy new rapid and sensitive diagnostic tests (including unbiased tests) that detect all MPXV clades and help differential diagnosis of diseases that can mimic mpox. | 3, Define and implement all elements of optimized clinical standard of care for all MPXV infected patients | 4, Promote the development of new therapeutics and the evaluation of safety and efficacy of prioritized candidate therapeutics for mpox, in coordinated collaborative multicenter trials. | 5, Conduct research on animal models and use animal models towards the determination of correlates of protection, and support research on immunoassays | 6, Define regulatory pathway for ""next generation"" of medical countermeasures | 7, Facilitate availability of vaccines in areas with sustained human to human transmission, as part of an integrated response, and promote generation of critical data regarding vaccines safety, effects, and delivery strategies | 8, Use existing tools to incorporate Good Participatory Practices and community engagement inresearch including public health research. | 9, Integrate research into the outbreak response activities. | 10, Embrace and expand opportunities for coordination and collaboration of all research initiatives with local authorities and research institutions, with researchers from affected countries and the MoH at the centre of the response.",,,,,,"[research_and_policy_roadmaps(25)] = '1'",,,,,,
pathogen_natural_history_transmission_and_diagnostics_list,researchcategory,,checkbox,"Pathogen: natural history, transmission and diagnostics List","a, Development of equitable, accessible, safe & effective diagnostics <font color=red>(including POC)</font> | b, Research for enhanced understanding of the disease",,,,,,"[priority_statements_regional(14)] = '1'",,,,,,
epidemiological_studies_list,researchcategory,,checkbox,"Epidemiological studies List","a, Epidemiology & transmission dynamics of mpox including <font color=red>sexual transmission.</font>",,,,,,"[priority_statements_regional(16)] = '1'",,,,,,
clinical_characterisation_and_management_list,researchcategory,,checkbox,"Clinical characterisation and management List","a, Promote improved understanding of the disease <b>(including evidence synthesis)</b>",,,,,,"[priority_statements_regional(17)] = '1'",,,,,,
infection_prevention_and_control_list,researchcategory,,checkbox,"Infection prevention and control List","a, Evidence synthesis to support evidence-based decision-making",,,,,,"[priority_statements_regional(18)] = '1'",,,,,,
therapeutics_research_development_and_implementation_list,researchcategory,,checkbox,"Therapeutics research, development and implementation List","a, Development of equitable, accessible, safe & effective therapeutics",,,,,,"[priority_statements_regional(19)] = '1'",,,,,,
vaccines_research_development_and_implementation_list,researchcategory,,checkbox,"Vaccines research, development and implementation List","a, Development of equitable, accessible, safe and effective vaccines",,,,,,"[priority_statements_regional(20)] = '1'",,,,,,
policies_for_public_health_disease_control_community_resilience_list,researchcategory,,checkbox,"Policies for public health, disease control &  community resilience List","a, Risk communication & community engagement e.g.  <b>key populations</b>",,,,,,"[priority_statements_regional(21)] = '1'",,,,,,
health_systems_research_list,researchcategory,,checkbox,"Health Systems Research List","a, Optimal provision of clinical care for mpox | b, Support measures &  protection of HCWs/caregivers",,,,,,"[priority_statements_regional(23)] = '1'",,,,,,
marburg_corc_priorities,researchcategory,,checkbox,"Marburg Priorities","1, Increase research efforts to identify <font color=red>natural reservoirs and mechanisms of zoonotic transmission</font> (in Tanzania and other at-risk countries) are needed (e.g. trying to locate bat roost locations and map bats' nocturnal forage sites relative to humans' locations). | 2, Expand current <font color=red>diagnostic capacity</font> for all human pathogenic filoviruses. Resources to support efforts to expand access to diagnostic methods based on easily implemented closed systems and for panfilovirus and unbiased/agnostic methods. | 3, Use existing tools to better <font color=red>understand epidemiology,</font> enhance surveillance of filovirus disease in Tanzania and in other endemic countries and beyond. | 4, Support basic research on disease biomarkers and pathogenesis determinants | 5, Contribute to advance animal models research | 6, Prioritize resources to advance the development of medical countermeasures for MARV and the <font color=red>entire Filoviridae virus family.</font> | 7, Define optimized clinical supportive care, support training and required resources | 8, Perform research during outbreaks is an essential component of response. Each outbreak the aim to do even better in initiating early clinical trials to collect key data on efficacy and safety. Continued evaluation of candidates MCMs is crucial using panfilovirus CORE protocols for generating evidence on their safety and clinical efficacy is critical. | 9, Support research on Social Sciences and adapt tools for Good Participatory Practices to the local realities and context | 10, Embrace <font color=red>collaboration and coordination</font>. Expand opportunities to engage local authorities and research institutions in filovirus research",,,,,,"[research_and_policy_roadmaps(26)] = '1'",,,,,,
ebola_priorities,researchcategory,,checkbox,"Ebola Priorities","1, Improve knowledge of BVD natural history, disease pathogenesis and transmission dynamics | 2, Interrupt community transmission through social and behavioural research, community engagement and trust-building | 3, Strengthen diagnostic innovation, genomic surveillance and integrated data systems | 4, Optimize supportive care and clinical management | 5, Evaluate and optimize monoclonal antibody therapies for BVD | 6, Develop broad-spectrum antivirals and innovative therapeutic strategies for treating BDBV | 7, Develop and evaluate post-exposure prophylaxis strategies for BDBV | 8, Accelerate the development, evaluation and deployment of vaccines against BDBV | 9, Advance research on viral persistence, long-term sequelae and immunity through longitudinal cohorts of recovered patients | 10, Generate evidence on infection prevention and operational bottlenecks in outbreak response",,,,,,,,,,,,
ebola_priority_1_simplified,researchcategory,,checkbox,"Ebola Priority 1 Simplified","1, Characterize clinical presentations, disease progression, severe outcomes and mortality, and investigate host immune responses, immunopathology, prognostic biomarkers, co-infections, host factors and pre-existing / cross-reactive immunity | 2, Characterize the biological mechanisms and physiopathology underlying acute BDBV infection | 3, Generate data on pathogenesis and severe disease mechanisms using experimental animal models | 4, Characterize epidemiological transmission chains and contact networks and integrate with research to understand transmission across various settings.",,,,,,"[ebola_priorities(1)] = '1'",,,,,,
ebola_priority_2_simplified,researchcategory,,checkbox,"Ebola Priority 2 Simplified","1, Conduct both rapid and longitudinal, iterative social and behavioural research to identify emerging community concerns and priorities, community resilience, trust and acceptability of public health measures",,,,,,"[ebola_priorities(2)] = '1'",,,,,,
ebola_priority_3_simplified,researchcategory,,checkbox,"Ebola Priority 3 Simplified","1, Develop and evaluate innovative, rapid and decentralized diagnostic tools and sampling approaches for pan-filoviruses | 2, Optimize genomic surveillance and integrate sequencing, diagnostic and epidemiological data to characterize pathogen evolution and transmission patterns",,,,,,"[ebola_priorities(3)] = '1'",,,,,,
ebola_priority_4_simplified,researchcategory,,checkbox,"Ebola Priority 4 Simplified","1, Investigate supportive and critical care strategies  most strongly associated with improved survival  and safe implementation under evolving outbreak settings | 2, Investigate which models of care delivery most strongly associated with better outcomes and feasible implementation under evolving outbreak settings",,,,,,"[ebola_priorities(4)] = '1'",,,,,,
ebola_priority_5_simplified,researchcategory,,checkbox,"Ebola Priority 5 Simplified","1, Evaluate and optimize monoclonal antibodies, particularly broadly neutralizing antibodies (such as MBP134) for BVD and assess their therapeutic efficacy, accessibility, production, scale-up and logistical requirements in the field.",,,,,,"[ebola_priorities(5)] = '1'",,,,,,
ebola_priority_6_simplified,researchcategory,,checkbox,"Ebola Priority 6 Simplified","1, Investigate antiviral properties of broad spectrum therapies (remdesivir, obeldesivir) against BVD including their efficacy and tolerance in the presence of other comorbidities | 2, Investigate novel therapeutic strategies for BDBV in relevant animal models | 3, Assess role of viral persistence and natural history in shaping therapeutic safety and efficacy | 4, Explore effectiveness of combination therapies with monoclonal antibodies and antiviral agents",,,,,,"[ebola_priorities(6)] = '1'",,,,,,
ebola_priority_7_simplified,researchcategory,,checkbox,"Ebola Priority 7 Simplified","1, Evaluate the effectiveness and acceptability of PEP across different exposure contexts | 2, Define exposure-risk classification for BVD based on epidemiological characteristics of the virus to identify populations to target for PEP",,,,,,"[ebola_priorities(7)] = '1'",,,,,,
ebola_priority_8_simplified,researchcategory,,checkbox,"Ebola Priority 8 Simplified","1, Strengthen animal models, identify immune correlates of protection, harmonize immunological assays and generate data on vaccine immunogenicity | 2, Investigate pan-filovirus vaccine candidates to accelerate the development and evaluation of BVD vaccines. | 3, Investigate cross-protective abilities of existing EBOV vaccine  particularly rVSV-ZEBOV (Ervebo®) against BDBV | 4, Identify optimal vaccination strategies including for at risk and vulnerable populations and generate evidence on effectiveness, acceptability and operational feasibility in different settings",,,,,,"[ebola_priorities(8)] = '1'",,,,,,
ebola_priority_9_simplified,researchcategory,,checkbox,"Ebola Priority 9 Simplified","1, Evaluate longterm impacts of BDBV disease including viral persistence, protective immunity, sequelae of infection and social trajectories of recovered patients | 2, Evaluate longterm impacts of acute-phase treatments, post-exposure prophylaxis and other MCMs on viral clearance, protection against reinfection and durability of immune responses",,,,,,"[ebola_priorities(9)] = '1'",,,,,,
ebola_priority_10_simplified,researchcategory,,checkbox,"Ebola Priority 10 Simplified","1, Assess IPC strategies and their effectiveness both within and outside healthcare settings | 2, Evaluate care systems including centralized and decentralized treatment pathways, referral systems and the design and functioning of healthcare facilities",,,,,,"[ebola_priorities(10)] = '1'",,,,,,
model_output_text,researchcategory,"<div style=""text-align: center; background-color: #2f4658;""><br /> <h4 style=""text-align: center;""><span style=""color: #ffffff;"">MAIN/PRIMARY Research Categories:</span></h4> <span style=""color: #ecf0f1;""><em>Please Review the below categories for the <span style=""color: #e03e2d;"">MAIN</span></em></span></div>",notes,"<font color=green>ML_Model_Processed</font><font color=red> (Model_Output Text)</font>",,,,,,,,,,,,," @READONLY"
model_processed_category,researchcategory,,text,"<font color=green>ML_Model_Processed (Main Category)</font>",,,,,,,,,,,,," @READONLY"
main_research_priority_area_number_old,researchcategory,,text,"Main Research Category Priority Area Number (<font color=blue>OLD</font>)",,,,,,,,,,,,," @READONLY-FORM"
main_research_priority_area_number_new,researchcategory,,text,"Main Research Category Priority Area Number (<font color=red>NEW</font>)",,,,,,,,,,,,,
main_research_sub_priority_number_old,researchcategory,,text,"Main Research Sub-Priority Number(s) (<font color=blue>OLD</font>)",,,,,,,,,,,,," @READONLY-FORM"
main_research_sub_priority_number_new,researchcategory,,text,"Main Research Sub-Priority Number(s) (<font color=red>NEW</font>)",,,,,,,,,,,,,
secondary_research_priority_area_number_old,researchcategory,"<div style=""text-align: center; background-color: #2f4658;""><br /> <h4 style=""text-align: center;""><span style=""color: #ffffff;"">SECONDARY Research Categories:</span></h4> <br /><span style=""color: #ecf0f1;""><em>Please Review the below categories for the <span style=""color: #e03e2d;"">SECONDARY</span></em></span></div>",text,"<div class=""rich-text-field-label""><p style=""text-align: center;"">SECONDARY Research Category Priority Area Number (<span style=""color: blue;"">OLD</span>)</p></div>",,,,,,,,,,,,," @READONLY-FORM"
secondary_research_priority_area_number_new,researchcategory,,text,"<p style=""text-align: center;"">SECONDARY Research Category Priority Area Number (<span style=""color: red;"">NEW</span>)</p>",,,,,,,,,,,,,
secondary_research_sub_priority_number_old,researchcategory,,text,"<div class=""rich-text-field-label""><p style=""text-align: left;"">SECONDARY Research Sub-Priority Number(s) (<span style=""color: blue;"">OLD</span>)</p></div>",,,,,,,,,,,,," @READONLY-FORM"
secondary_research_sub_priority_number_new,researchcategory,,text,"SECONDARY Research Sub-Priority Number(s) (<font color=red>NEW</font>)",,,,,,,,,,,,,
diagnostics_categorisation,researchcategory,,yesno,"<div class=""rich-text-field-label""><p><span style=""color: #3598db;"">Does this record include diagnostics research ""<span style=""color: #ba372a;"">1a</span>""?</span></p></div>",,"If <font color=red>1a""</font>  is selected in the Research Categories above, please complete the Diagnostics categorisation.",,,,,,y,,,,,
diagnostics_theme_category,researchcategory,,checkbox,"Diagnostics Main Theme Category","D1, Diagnostics research, development, and implementation | D2, Diagnostic technology class | D3, Diagnostics use setting | D4, Surveillance and monitoring | -88, Other | -99, Unspecified",,,,,,"[diagnostics_categorisation] = ""1""",,,,,,
diagnostics_d1_sub,researchcategory,,checkbox,"D1 Diagnostics research, development, and implementation","a, Early stage R&D | b, Intermediate stage R&D | c, Late stage R&D / pre-commercial | d, Post-Market Evaluation | e, Unspecified stage | f, Diagnostics manufacturing, logistics and supply chain | g, Diagnostics infrastructure & capacity | -88, Other | -99, Unspecified",,,,,,"[diagnostics_theme_category(D1)] = ""1""",,,,,,
diagnostics_d2_sub,researchcategory,,checkbox,"D2 Diagnostic technology class","a, Molecular diagnositc tests (Nucleic Acid-Based) | b, Antibody tests (Serology) | c, Antigen / Immunoassay  diagnostic tests | d, Diagnostics platform technologies | e, Diagnostics with multiplex capability | f, New sampling methods/technologies | -88, Other | -99, Unspecified",,,,,,"[diagnostics_theme_category(D2)] = ""1""",,,,,,
diagnostics_d3_sub,researchcategory,,checkbox,"D3 Diagnostics use setting","a, Decentralised / Point-of-Care (POC) / Near-Point-of-Care (NPOC) diagnostics | b, Centralised laboratory diagnostics | c, Non-Clinical setting use | d, Animal/Veterinary setting | e, Environmental sampling | -88, Other | -99, Unspecified",,,,,,"[diagnostics_theme_category(D3)] = ""1""",,,,,,
diagnostics_d4_sub,researchcategory,,checkbox,"D4 Surveillance and monitoring","a, Environmental and wastewater surveillance | b, Epidemiological population level surveillance | c, Zoonotic & Vector-Borne disease surveillance | -88, Other | -99, Unspecified",,,,,,"[diagnostics_theme_category(D4)] = ""1""",,,,,,
category_free_active,researchcategory,,radio,"<div class=""rich-text-field-label""><p><span style=""color: #e67e23;"">Activate Category Free Text Switch:</span></p></div>","1, On | 0, OFF",,,,,,,,,,,," @DEFAULT='0'"
main_category_not_covered,researchcategory,,text,"Main research category not covered",,,,,,,[category_free_active]='1',,,,,,
main_sub_category_not_covered,researchcategory,,text,"Main research sub-category not covered",,,,,,,[category_free_active]='1',,,,,,
secondary_category_not_covered,researchcategory,,text,"Secondary research category not covered",,,,,,,[category_free_active]='1',,,,,,
secondary_sub_category_not_covered,researchcategory,,text,"Secondary research sub-category not covered",,,,,,,[category_free_active]='1',,,,,,
primary_changed,researchcategory,"<div style=""text-align: center; background-color: #2f4658;""> <h5 style=""text-align: center;""><span style=""color: #ffffff; font-weight: normal;"">Flagging Columns</span></h5> <ol> <li style=""text-align: justify;""><span style=""color: #a7a9ac;""><span style=""color: #f4793b;"">PRIMARY CHANGED:</span> Indicates whether the main sub-priority number was updated to a new category according to the Mapping Guide (1 for Yes, 0 for No).</span></li> <li style=""text-align: justify;""><span style=""color: #a7a9ac;""><span style=""color: #f4793b;"">SECONDARY CHANGED:</span> Indicates whether the secondary sub-priority number was updated to a new category according to the Mapping Guide (1 for Yes, 0 for No).</span></li> <li style=""text-align: justify;""><span style=""color: #a7a9ac;""><span style=""color: #f4793b;"">UPDATED FROM UNRR PRIMARY:</span> Flags entries that were populated with values from ""PRIMARY UNRR Priority Number(s)"" when the main sub-priority number was blank or N/A (1 for Yes, 0 for No).</span></li> <li style=""text-align: justify;""><span style=""color: #a7a9ac;""><span style=""color: #f4793b;"">UPDATED FROM UNRR SECONDARY:</span> Flags entries that were populated with values from ""SECONDARY UNRR Priority Number(s)"" when the secondary sub-priority number was blank or N/A (1 for Yes, 0 for No).</span></li> </ol> </div>",yesno,"PRIMARY CHANGED",,,,,,,,,,,,,
secondary_changed,researchcategory,,yesno,"SECONDARY CHANGED",,,,,,,,,,,,,
updated_from_unrr_primary,researchcategory,,yesno,"UPDATED FROM UNRR PRIMARY",,"UNRR PRIMARY updated MAIN Research Sub-Priority above",,,,,,,,,,,
updated_from_unrr_secondary,researchcategory,,yesno,"UPDATED FROM UNRR SECONDARY",,"UNRR SECONDARY updated SECONDARY Research Sub-Priority above",,,,,,,,,,,
category_double_verification,researchcategory,,dropdown,"<div class=""rich-text-field-label""><p><span style=""background-color: rgb(241, 196, 15);"">Grant Double Verification <span style=""color: green;"">[category_double_verification]</span></span></p></div>","0, Unverified | 1, Verified",,,,,,,,,,,," @DEFAULT='0'"
mapped_date_100dm,dm,,text,"Mapped Date 100 Days Mission (100DM)",,,date_dmy,,,,,,,,,,
hundred_dm_flag,dm,,yesno,"Eligible for the 100 days mission <font color=red>criteria</font>",,,,,,,,,,,,,
onehundreddm_research_area,dm,,checkbox,"100 Days Mission (100DM)  Research Areas","1, Diagnostics | 2, Clinical characterisation and management | 3, Therapeutics | 4, Vaccines",,,,,,,,,,,,
onehundreddm_implementation,dm,,checkbox,"100 Days Mission (100DM) Implementation & Access","1, Manufacturing and logistics | 2, Costs of products | 3, Equitable allocation of resources | 4, Product acceptance | 5, Health systems research",,,,,,,,,,,,
mapped_date_pandint,pandemicintelligence,,text,"Mapped Date - Pandemic Intelligence Themes",,,date_dmy,,,,,,,,,,
pandint_themes_flag,pandemicintelligence,,yesno,"Mapped to Pandemic Intelligence Theme?",,,,,,,,,,,,,
keyword_match,pandemicintelligence,,text,"Keyword searches matched",,,,,,,,,,,,,
pandint_themes,pandemicintelligence,,checkbox,"Pandemic Intelligence - Theme","1, AI and Technology Approaches | 2, Multisectoral Approaches | 3, Community Centered Approaches | 4, Quality Standards | 5, Data Preparedness | 6, Evidence to Policy | 7, Governance | 8, Analytical Frameworks",,,,,,,,,,,,
pandint_tags_ai,pandemicintelligence,,checkbox,"Tags - AI and Technology Approaches","1, Artificial Intelligence | 2, Machine Learning | 3, Natural Language Processing | -99, Unspecified",,,,,,"[pandint_themes(1)] = ""1""",,,,,,
pandint_tags_data,pandemicintelligence,,checkbox,"Tags - Data Preparedness","1, Federated Systems | 2, Open Data | 3, Data Sharing | -99, Unspecified",,,,,,"[pandint_themes(5)] = ""1""",,,,,,
